"","ERG_d_ITN0","ERG_r_ITN0","itn_half_life","itn_half_life_min","itn_half_life_max","suc_hut","mort_hut","bioassay_mortality"
"1",0.0718023581802749,0.669467847772928,2.22732925852428,1.68737065039718,2.53105597559577,0.354550193218453,0.155553067334678,0
"2",0.0939951233566629,0.64945627810179,2.24554562176516,1.70117092557967,2.5517563883695,0.350179060724025,0.202612383434063,0.00334448160535117
"3",0.102709906298543,0.64306953323796,2.25302270633587,1.70683538358778,2.56025307538167,0.345805946478086,0.220382312575996,0.00668896321070234
"4",0.109514843981918,0.638469612972162,2.25891755226361,1.71130117595728,2.56695176393592,0.341502794874664,0.233837224902833,0.0100334448160535
"5",0.115314384044907,0.634985875090191,2.26400435657817,1.71515481558952,2.57273222338429,0.337181028068438,0.245082454311044,0.0133779264214047
"6",0.120539344857482,0.631913779812606,2.26857803113083,1.71861972055366,2.57792958083049,0.332969152775,0.254921075873241,0.0167224080267559
"7",0.125384261180006,0.62925482576121,2.2727882592342,1.72180928729863,2.58271393094795,0.328625665662405,0.263761467698812,0.020066889632107
"8",0.12985462998655,0.627049240302823,2.27672329834269,1.72479037753234,2.58718556629851,0.324370995758683,0.271844945399972,0.0234113712374582
"9",0.13406693781661,0.625045270317916,2.28044032543039,1.72760630714423,2.59140946071635,0.320233248045437,0.279328209457148,0.0267558528428094
"10",0.13810121505333,0.623224623091183,2.28397887602151,1.73028702728902,2.59543054093353,0.316064131571263,0.286319875683696,0.0301003344481605
"11",0.141956978943246,0.621521499331766,2.28736762993164,1.73285426509972,2.59928139764959,0.312025521124347,0.292898931952499,0.0334448160535117
"12",0.145655135862171,0.620044161050347,2.2906281726888,1.73532437324909,2.60298655987364,0.307973509749201,0.299124976537531,0.0367892976588629
"13",0.149193115654095,0.618812710664548,2.29377723216246,1.7377100243655,2.60656503654825,0.303930203150196,0.305044311118224,0.040133779264214
"14",0.152693881822769,0.617454476236306,2.29682808358112,1.74002127544025,2.61003191316037,0.299968346743311,0.310693771775154,0.0434782608695652
"15",0.156023473955801,0.616338902803257,2.2997914720383,1.74226626669568,2.61339940004352,0.296105617422441,0.316103246775203,0.0468227424749164
"16",0.159332989872454,0.615238735419494,2.30267624064837,1.74445169746088,2.61667754619132,0.292157556604063,0.321297392740343,0.0501672240802676
"17",0.162585146305794,0.614241294344691,2.30548977153175,1.74658316025133,2.61987474037699,0.288159276746084,0.326296840738019,0.0535117056856187
"18",0.16572846580438,0.613270973751447,2.30823830354976,1.74866538147709,2.62299807221563,0.284361356559458,0.331119066246512,0.0568561872909699
"19",0.168833231814579,0.61237073585399,2.31092716642039,1.75070239880333,2.62605359820499,0.28051863387779,0.335779030903635,0.0602006688963211
"20",0.17195293792006,0.611365191985139,2.3135609566191,1.75269769440841,2.62904654161262,0.276697407329017,0.340289665246472,0.0635451505016722
"21",0.174933565161401,0.610580541166565,2.31614367182567,1.75465429683763,2.63198144525644,0.272956561355614,0.344662238131266,0.0668896321070234
"22",0.177867202162917,0.609836287062133,2.31867881525987,1.75657486004535,2.63486229006803,0.269251478848169,0.348906643770134,0.0702341137123746
"23",0.180899522793314,0.608806589285034,2.32116947775498,1.75846172557196,2.63769258835794,0.265579262342431,0.353031627806569,0.0735785953177257
"24",0.183820440185553,0.607934926184058,2.32361840311019,1.76031697205318,2.64047545807976,0.261993838254352,0.357044967561946,0.0769230769230769
"25",0.186845277187159,0.606744297814097,2.32602804070377,1.76214245507862,2.64321368261792,0.258489436172862,0.360953617334951,0.0802675585284281
"26",0.18974315354197,0.605794727291731,2.32840058827527,1.76393983960248,2.64590975940372,0.255020263219929,0.364763826706445,0.0836120401337793
"27",0.192622037251715,0.604897975665356,2.33073802703152,1.76571062653903,2.64856593980855,0.251528343719786,0.368481237746974,0.0869565217391304
"28",0.19561322815429,0.603744412437451,2.33304215069483,1.76745617476881,2.65118426215321,0.248051864311838,0.372110965558488,0.0903010033444816
"29",0.198409289394399,0.602932004678783,2.33531458972329,1.76917771948734,2.65376657923101,0.24465833738232,0.375657665521265,0.0936454849498328
"30",0.201157538729167,0.602178889299431,2.33755683164885,1.77087638761277,2.65631458141915,0.24130707024354,0.379125589838998,0.096989966555184
"31",0.203884264039372,0.601458547141591,2.33977023826714,1.77255321080844,2.65882981621266,0.237966826555026,0.382518635397226,0.100334448160535
"32",0.206632412758853,0.600642134037292,2.34195606025484,1.7742091365567,2.66131370483505,0.234686234415607,0.385840384516169,0.103678929765886
"33",0.20947928557456,0.599574727651284,2.34411544966988,1.7758450376287,2.66376755644304,0.231470608847027,0.389094139849447,0.107023411371237
"34",0.212327252832572,0.598506122604449,2.3462494706973,1.77746172022523,2.66619258033784,0.228265935548875,0.392282954427442,0.110367892976589
"35",0.215074102426699,0.597713087935772,2.34835910893279,1.77905993100969,2.66858989651453,0.224988271589485,0.39540965764846,0.11371237458194
"36",0.217859400781698,0.596759190075502,2.35044527943973,1.78064036321191,2.67096054481787,0.221817819851916,0.398476877868218,0.117056856187291
"37",0.220619778093169,0.59583393575175,2.35250883377224,1.78220366194866,2.673305492923,0.218682404504848,0.401487062118092,0.120401337792642
"38",0.223393406720343,0.594855121818439,2.35455056612184,1.78375042888018,2.67562564332028,0.215592950763425,0.404442493387333,0.123745819397993
"39",0.226130163037589,0.593857237912023,2.35657121871782,1.78528122630138,2.67792183945207,0.212615531648525,0.40734530582848,0.127090301003344
"40",0.22877124875093,0.593024215123221,2.35857148658907,1.78679658074929,2.68019487112394,0.209665664217608,0.410197498184116,0.130434782608696
"41",0.231461815526944,0.592135573200055,2.36055202177742,1.78829698619502,2.68244547929253,0.206690501118932,0.413000945683741,0.133779264214047
"42",0.234136391399468,0.591275601081581,2.36251343707768,1.78978290687703,2.68467436031554,0.203731054004619,0.415757410619328,0.137123745819398
"43",0.236774066768136,0.590419601662823,2.3644563093678,1.79125477982409,2.68688216973613,0.20085419401861,0.418468551775312,0.140468227424749
"44",0.239334014114237,0.589639381518162,2.36638118258281,1.79271301710819,2.68906952566229,0.198058475628381,0.421135932861698,0.1438127090301
"45",0.242136006909898,0.588384422208817,2.36828857037805,1.79415800786216,2.69123701179324,0.195329362067818,0.42376103007667,0.147157190635451
"46",0.244772639724447,0.587462172417887,2.37017895852034,1.79559012009116,2.69338518013674,0.192572607614595,0.426345238906522,0.150501672240803
"47",0.247486031680673,0.586409899417022,2.37205280704051,1.79700970230341,2.69551455345512,0.189829886669571,0.428889880255263,0.153846153846154
"48",0.250119003241792,0.585508981209945,2.37391055217567,1.79841708498157,2.69762562747235,0.187091208212687,0.431396205983286,0.157190635451505
"49",0.252703997475926,0.584652281946134,2.37575260812582,1.7998125819135,2.69971887287025,0.184408535276151,0.433865403923591,0.160535117056856
"50",0.255500371642336,0.583423610573079,2.37757936864604,1.80119649139851,2.70179473709777,0.181760572724692,0.436298602434834,0.163879598662207
"51",0.258242703987298,0.582244523644831,2.37939120849275,1.80256909734299,2.70385364601449,0.179177109069403,0.438696874542677,0.167224080267559
"52",0.260973453684886,0.581060865796568,2.38118848474003,1.8039306702576,2.7058960053864,0.176638876022767,0.441061241714261,0.17056856187291
"53",0.263630398883372,0.580092101901014,2.38297153798004,1.8052814681667,2.70792220225005,0.174022175736576,0.443392677304955,0.173913043478261
"54",0.266212486939994,0.57913393814503,2.38474069341971,1.80662173743917,2.70993260615876,0.171539289096084,0.445692109711682,0.177257525083612
"55",0.268742209223523,0.578235644846905,2.38649626188456,1.80795171354891,2.71192757032336,0.169097652433396,0.447960425262944,0.180602006688963
"56",0.271314287271219,0.57731993614025,2.38823854073907,1.80927162177202,2.71390743265803,0.166618940626591,0.450198470872063,0.183946488294314
"57",0.274096283324421,0.576022882769643,2.38996781473185,1.81058167782716,2.71587251674074,0.164207534638965,0.452407056477059,0.187290969899666
"58",0.276621321635214,0.575110218118589,2.39168435677315,1.81188208846451,2.71782313269677,0.161836831161443,0.454586957287883,0.190635451505017
"59",0.279199028747701,0.574133554970169,2.39338842865106,1.81317305200838,2.71975957801257,0.15946256078608,0.456738915859372,0.193979933110368
"60",0.281715833357238,0.573200127333084,2.39508028169237,1.81445475885786,2.72168213828679,0.157156685396046,0.458863644006264,0.197324414715719
"61",0.284499090240612,0.571865444200079,2.39676015737311,1.81572739194933,2.72359108792399,0.154857677344066,0.460961824574819,0.20066889632107
"62",0.287130805310753,0.570726868018198,2.39842828788351,1.81699112718448,2.72548669077672,0.15261477878341,0.463034113084029,0.204013377926421
"63",0.289802152275529,0.56955625287569,2.40008489665134,1.81824613382677,2.72736920074016,0.150360728292156,0.465081139248032,0.207357859531773
"64",0.292478729830152,0.568346885311247,2.40173019882744,1.81949257486927,2.72923886230391,0.148155861208491,0.467103508390132,0.210702341137124
"65",0.294985373128993,0.567357426669803,2.4033644017367,1.82073060737629,2.73109591106444,0.146002767534176,0.469101802757777,0.214046822742475
"66",0.297708874470966,0.566044734625336,2.40498770529744,1.82196038280109,2.73294057420163,0.143865476973037,0.471076582746884,0.217391304347826
"67",0.300449021091311,0.564730306385294,2.40660030241183,1.82318204728169,2.73477307092254,0.1417238380963,0.473028388043086,0.220735785953177
"68",0.30312696174464,0.563472745876937,2.40820237932992,1.82439574191661,2.73659361287491,0.139634843360274,0.474957738686735,0.224080267558528
"69",0.305733335892357,0.56229410150818,2.40979411598918,1.82560160302211,2.73840240453316,0.137587897442205,0.476865136067832,0.22742474916388
"70",0.30842692326703,0.561042425521159,2.41137568633179,1.82679976237257,2.74019964355886,0.135504171980725,0.47875106385647,0.230769230769231
"71",0.311122869931263,0.559738781370093,2.41294725860131,1.82799034742524,2.74198552113786,0.133485544579602,0.480615988873864,0.234113712374582
"72",0.313868601887895,0.558333571559759,2.41450899562035,1.82917348153056,2.74376022229585,0.131513661223781,0.482460361908571,0.237458193979933
"73",0.316457754267797,0.557159126719784,2.41606105505074,1.83034928412935,2.74552392619403,0.12955081617138,0.484284618482076,0.240802675585284
"74",0.31907928784129,0.555917409361691,2.41760358963762,1.83151787093759,2.74727680640639,0.127623647964099,0.486089179567566,0.244147157190635
"75",0.321852511779608,0.554467853791404,2.41913674743844,1.83267935412003,2.74901903118004,0.125706607723321,0.487874452265363,0.247491638795987
"76",0.324565714221705,0.553095517009893,2.4206606720382,1.83383384245318,2.75075076367977,0.123813072020029,0.489640830438185,0.250836120401338
"77",0.327249779759952,0.551730520684832,2.4221755027519,1.83498144147871,2.75247216221807,0.121967423004938,0.491388695309143,0.254180602006689
"78",0.329947553150957,0.550331015958,2.42368137481498,1.83612225364771,2.75418338047157,0.120151957367697,0.493118416025128,0.25752508361204
"79",0.332502200700765,0.549166992280004,2.42517841956281,1.83725637845667,2.75588456768501,0.118314329098088,0.494830350188014,0.260869565217391
"80",0.335174862179689,0.547807515166722,2.42666676459983,1.83838391257563,2.75757586886345,0.116522695902332,0.496524844355926,0.264214046822742
"81",0.337804255829027,0.546464669459434,2.42814653395923,1.83950494996912,2.75925742495367,0.114785606560368,0.498202234516606,0.267558528428094
"82",0.340500620986854,0.545022829923752,2.42961784825359,1.8406195820103,2.76092937301545,0.113070135915844,0.499862846534779,0.270903010033445
"83",0.343203308529152,0.543570515379163,2.43108082481735,1.8417278975889,2.76259184638335,0.111370766029774,0.501506996575251,0.274247491638796
"84",0.345766167533832,0.542298598384373,2.43253557784143,1.84282998321321,2.76424497481981,0.10969177924793,0.503134991503331,0.277591973244147
"85",0.348371213162589,0.540963591118207,2.43398221850074,1.84392592310662,2.76588888465993,0.108031516325019,0.504747129264077,0.280936454849498
"86",0.350928015678103,0.539698629490862,2.43542085507477,1.84501579929907,2.7675236989486,0.106378112137131,0.506343699241699,0.284280936454849
"87",0.353702490320703,0.538090412240384,2.43685159306203,1.84609969171366,2.76914953757049,0.104789007306254,0.507924982600407,0.287625418060201
"88",0.356359810445885,0.536658164595505,2.43827453528843,1.84717767824881,2.77076651737322,0.103193274941527,0.50949125260786,0.290969899665552
"89",0.359026698117416,0.53517565064518,2.4396897820102,1.84824983485621,2.77237475228432,0.101645060711864,0.511042774942291,0.294314381270903
"90",0.361707999242914,0.533685137426163,2.44109743101157,1.84931623561482,2.77397435342223,0.100099308830893,0.512579807984326,0.297658862876254
"91",0.364329878426836,0.532263325165667,2.44249757769756,1.85037695280118,2.77556542920177,0.0985735571467253,0.514102603094407,0.301003344481605
"92",0.366936983128599,0.530832876522936,2.44389031518226,1.85143205695626,2.77714808543439,0.0970847543759603,0.515611404876699,0.304347826086957
"93",0.369759562471019,0.529137711438316,2.4452757343727,1.85248161694902,2.77872242542352,0.0955962962100174,0.517106451430274,0.307692307692308
"94",0.372258230924481,0.527831626981816,2.44665392404875,1.85352570003693,2.7802885500554,0.0941438124311315,0.518587974588326,0.311036789297659
"95",0.37491003639136,0.52631673717091,2.44802497093916,1.8545643719236,2.78184655788541,0.0927136867418061,0.520056200146102,0.31438127090301
"96",0.377691917728203,0.524705413628393,2.44938895979405,1.85559769681367,2.78339654522051,0.0912328718060707,0.521511348078205,0.317725752508361
"97",0.380366467694444,0.523142343231248,2.450745973454,1.85662573746515,2.78493860619773,0.0898431193592277,0.522953632745871,0.321070234113712
"98",0.383010629409078,0.52166184807415,2.45209609291594,1.85764855523935,2.78647283285903,0.088424548229611,0.524383263094783,0.324414715719064
"99",0.38568476800406,0.520087835520853,2.45343939739605,1.85866621014852,2.78799931522278,0.0870667513888497,0.525800442843949,0.327759197324415
"100",0.388321328489453,0.518581380123833,2.4547759643898,1.85967876090136,2.78951814135204,0.0857011661458417,0.52720537066613,0.331103678929766
"101",0.390933111974543,0.517087717140878,2.45610586972933,1.86068626494646,2.79102939741969,0.0843618431184982,0.528598240360292,0.334448160535117
"102",0.393674180839647,0.515411559008423,2.45742918763828,1.86168877851385,2.79253316777078,0.0830521596372476,0.529979241016497,0.337792642140468
"103",0.396303338155035,0.513840734796057,2.45874599078425,1.86268635665473,2.7940295349821,0.0817820234583618,0.531348557173646,0.341137123745819
"104",0.398914241918721,0.512287780143133,2.4600563503289,1.86367905327947,2.7955185799192,0.0805253736184037,0.532706368970452,0.344481605351171
"105",0.401488218376615,0.510792856918731,2.46136033597601,1.86466692119395,2.79700038179092,0.0792667296614397,0.534052852289987,0.347826086956522
"106",0.404052870156916,0.509299005609637,2.46265801601747,1.86565001213445,2.79847501820167,0.0780259839881813,0.535388178898151,0.351170568561873
"107",0.406559602904299,0.507853306469278,2.46394945737728,1.86662837680097,2.79994256520145,0.0768133600802201,0.536712516576368,0.354515050167224
"108",0.409114595081456,0.506357270208371,2.46523472565379,1.86760206488923,2.80140309733385,0.0756016826427237,0.53802602924879,0.357859531772575
"109",0.411809118258549,0.504683032970409,2.46651388516019,1.86857112512135,2.80285668768203,0.0744066183578111,0.539328877104316,0.361204013377926
"110",0.414427578853807,0.50309764726346,2.46778699896332,1.86953560527524,2.80430340791286,0.0732231593631563,0.54062121671365,0.364548494983278
"111",0.416813538143114,0.501781398913704,2.46905412892095,1.87049555221284,2.80574332831926,0.0720569341187607,0.54190320114167,0.367892976588629
"112",0.419427825123495,0.500162853791562,2.47031533571752,1.87145101190722,2.80717651786082,0.070922411044583,0.543174980055318,0.37123745819398
"113",0.42218034845033,0.498372487021524,2.47157067889856,1.87240202946861,2.80860304420291,0.069801884770115,0.544436699827246,0.374581939799331
"114",0.424940444870417,0.496561449246107,2.47282021690362,1.87334864916941,2.81002297375412,0.0687001766747116,0.545688503635408,0.377926421404682
"115",0.427477906682117,0.495003880950818,2.47406400709808,1.87429091446824,2.81143637170236,0.0676162572629014,0.546930531558793,0.381270903010033
"116",0.430064453706969,0.493369614556499,2.47530210580358,1.87522886803302,2.81284330204953,0.0665553721989393,0.548162920669493,0.384615384615385
"117",0.432584990012231,0.491812111528017,2.47653456832746,1.87616255176323,2.81424382764484,0.0655027875365795,0.549385805121265,0.387959866220736
"118",0.435143465808433,0.490202403632795,2.47776144899091,1.8770920068113,2.81563801021695,0.0644635063678343,0.550599316234748,0.391304347826087
"119",0.437879141536969,0.488387942537227,2.47898280115622,1.87801727360319,2.81702591040479,0.0634286893516289,0.551803582579505,0.394648829431438
"120",0.440305395220313,0.486915369480837,2.4801986772529,1.87893839185826,2.81840758778739,0.0624185201071526,0.552998730053015,0.397993311036789
"121",0.442958374954364,0.485153900752699,2.48140912880297,1.87985540060831,2.81978310091246,0.0614348303252434,0.554184881956767,0.40133779264214
"122",0.445342182152732,0.483714818757512,2.48261420644517,1.88076833821604,2.82115250732406,0.0604505350846363,0.555362159069583,0.404682274247492
"123",0.447824685501833,0.482153785235997,2.48381395995846,1.88167724239277,2.82251586358916,0.0594781062067644,0.55653067971828,0.408026755852843
"124",0.450424056070592,0.48043800709514,2.48500843828456,1.88258215021557,2.82387322532336,0.0585279187778033,0.557690559845818,0.411371237458194
"125",0.452919920870244,0.478835731789221,2.48619768954974,1.88348309814374,2.82522464721561,0.0575891855505891,0.558841913077005,0.414715719063545
"126",0.455521342548488,0.477089962835044,2.48738176108586,1.88438012203474,2.82657018305212,0.0566744426348878,0.559984850781902,0.418060200668896
"127",0.457999767175621,0.475483175173238,2.48856069945065,1.88527325715958,2.82790988573937,0.0557678499109232,0.561119482137,0.421404682274247
"128",0.460487228066363,0.473870213824774,2.48973455044727,1.88616253821763,2.82924380732644,0.0548634772214109,0.562245914184276,0.424749163879599
"129",0.462803798017275,0.472435122366476,2.49090335914328,1.88704799935097,2.83057199902646,0.0539789854159861,0.563364251888222,0.42809364548495
"130",0.465085274086102,0.47102184895441,2.4920671698889,1.88792967415826,2.83189451123738,0.0531140638755562,0.56447459819092,0.431438127090301
"131",0.467568934640819,0.469378359240334,2.49322602633463,1.88880759570805,2.83321139356208,0.052253797035946,0.565577054065248,0.434782608695652
"132",0.47008532066283,0.46768588485892,2.49437997144838,1.8896817965518,2.8345226948277,0.0514084358510276,0.566671718566309,0.438127090301003
"133",0.472597830623814,0.465993654787609,2.49552904753196,1.89055230873633,2.8358284631045,0.0505717832968706,0.567758688881127,0.441471571906354
"134",0.475175267695009,0.464236916081366,2.49667329623704,1.89141916381594,2.83712874572391,0.0497332762806034,0.568838060376714,0.444816053511706
"135",0.47758418894056,0.462652999919553,2.49781275858062,1.8922823928641,2.83842358929615,0.0489140971261047,0.569909926646541,0.448160535117057
"136",0.479884695591329,0.461166488749425,2.49894747495993,1.89314202648479,2.83971303972719,0.0481193294854852,0.570974379555507,0.451505016722408
"137",0.482374143078108,0.459458881162622,2.50007748516697,1.89399809482346,2.8409971422352,0.0473358709250447,0.572031509283444,0.454849498327759
"138",0.484712492386053,0.457924812176289,2.50120282840249,1.89485062757765,2.84227594136647,0.0465538805892004,0.573081404367225,0.45819397993311
"139",0.487090384368167,0.456339646425232,2.50232354328956,1.89569965400724,2.84354948101087,0.0457815910190822,0.574124151741525,0.461538461538462
"140",0.489521494202058,0.454681840314267,2.50343966788672,1.89654520294448,2.84481780441673,0.0450241159348075,0.575159836778302,0.464882943143813
"141",0.491885304202813,0.453082615498465,2.50455123970073,1.89738730280358,2.84608095420537,0.0442840099603518,0.57618854332502,0.468227424749164
"142",0.494257634691375,0.45149501089825,2.50565829569891,1.89822598159008,2.84733897238512,0.0435313711695445,0.577210353741694,0.471571906354515
"143",0.496657033652551,0.449854315952208,2.50676087232113,1.89906126690994,2.84859190036492,0.0428010243112479,0.578225348936776,0.474916387959866
"144",0.498860161760683,0.448418003353674,2.5078590054914,1.89989318597834,2.8498397789675,0.042085004237632,0.579233608401938,0.478260869565217
"145",0.501161425324586,0.446856181667019,2.50895273062918,1.90072176562816,2.85108264844225,0.0413857202224466,0.580235210245797,0.481605351170569
"146",0.503597949107633,0.445131435813759,2.51004208266022,1.90154703231835,2.85232054847752,0.0407007450045088,0.581230231226607,0.48494983277592
"147",0.505887873800357,0.4435808405924,2.51112709602727,1.90236901214187,2.8535535182128,0.0400098975679138,0.582218746783975,0.488294314381271
"148",0.508262900179,0.441914758948536,2.51220780470029,1.90318773083355,2.85478159625033,0.0393396187176395,0.583200831069618,0.491638795986622
"149",0.51067202315596,0.440202387500592,2.5132842421865,1.90400321377765,2.85600482066647,0.0386799033580206,0.584176556977215,0.494983277591973
"150",0.512953248748802,0.438618497648917,2.51435644154006,1.90481548601519,2.85722322902279,0.0380329509875419,0.585145996171363,0.498327759197324
"151",0.515269333900204,0.436986949904306,2.5154244353715,1.90562457225114,2.8584368583767,0.0373966339498529,0.5861092191157,0.501672240802676
"152",0.517448709577603,0.435497810711504,2.5164882558569,1.90643049686129,2.85964574529193,0.0367689803919243,0.587066295100194,0.505016722408027
"153",0.519786513352597,0.433833035317247,2.51754793474676,1.90723328389906,2.86084992584859,0.0361464349932528,0.588017292267649,0.508361204013378
"154",0.52199723436846,0.432299974676425,2.51860350337467,1.90803295710203,2.86204943565304,0.0355323030839479,0.588962277639447,0.511705685618729
"155",0.524120180541211,0.430845159493998,2.51965499266575,1.90882953989829,2.86324430984744,0.0349342333722699,0.589901317140553,0.51505016722408
"156",0.526264822000199,0.429364539211482,2.52070243314476,1.90962305541269,2.86443458311904,0.0343405154664583,0.59083447562381,0.518394648829431
"157",0.528284287281139,0.428011165008959,2.52174585494411,1.91041352647281,2.86562028970922,0.0337558845886121,0.591761816893549,0.521739130434783
"158",0.530521887415411,0.426411809486491,2.52278528781161,1.91120097561486,2.86680146342229,0.033181087467258,0.592683403728537,0.525083612040134
"159",0.532688551266624,0.424892399227954,2.52382076111795,1.91198542508935,2.86797813763403,0.0326066079656612,0.593599297904287,0.528428093645485
"160",0.534791664325803,0.423427650397005,2.52485230386404,1.9127668968667,2.86915034530005,0.0320452897810744,0.594509560214741,0.531772575250836
"161",0.536750019048333,0.422105821446426,2.52587994468819,1.91354541264257,2.87031811896385,0.031496274048994,0.595414250493374,0.535117056856187
"162",0.538831280307312,0.420637228696352,2.526903711873,1.91432099384318,2.87148149076477,0.0309602281168032,0.596313427633702,0.538461538461538
"163",0.540852015899915,0.419232441938308,2.52792363335214,1.91509366163041,2.87264049244561,0.030427388569957,0.597207149609246,0.54180602006689
"164",0.542849633427183,0.417848543005415,2.52893973671694,1.91586343690677,2.87379515536016,0.0298996211302141,0.598095473492949,0.545150501672241
"165",0.544828326407201,0.416479398825741,2.52995204922281,1.91663034032031,2.87494551048047,0.0293780551232928,0.598978455476076,0.548494983277592
"166",0.546847065730459,0.41505430114821,2.53096059779548,1.9173943922693,2.87609158840395,0.0288682732326699,0.599856150886607,0.551839464882943
"167",0.548868462114424,0.413617307717319,2.53196540903707,1.91815561290687,2.87723341936031,0.0283672877729443,0.600728614207144,0.555183946488294
"168",0.550904752790757,0.412160609963779,2.53296650923209,1.91891402214552,2.87837103321828,0.0278711390065288,0.60159589909234,0.558528428093645
"169",0.552828388923352,0.410828562892856,2.53396392435315,1.91966963966148,2.87950445949222,0.0273736523555188,0.602458058385886,0.561872909698997
"170",0.554743859323508,0.409480380520049,2.53495768006666,1.92042248489899,2.88063372734848,0.0268964171015755,0.603315144137031,0.565217391304348
"171",0.556656641742556,0.408130597349376,2.5359478017383,1.92117257707447,2.88175886561171,0.0264242041442395,0.604167207616701,0.568561872909699
"172",0.5586925622529,0.406657203229719,2.53693431443841,1.92191993518061,2.88287990277092,0.025948312244195,0.605014299333182,0.57190635451505
"173",0.56065907428305,0.405238817274397,2.53791724294718,1.92266457799029,2.88399686698543,0.0254881516638081,0.60585646904741,0.575250836120401
"174",0.56260422871825,0.403835267970772,2.53889661175981,1.92340652406046,2.88510978609069,0.0250355004579505,0.606693765787872,0.578595317725752
"175",0.564548283511619,0.402426445931969,2.53987244509148,1.92414579173597,2.88621868760395,0.024589273917265,0.60752623786513,0.581939799331104
"176",0.566440710888373,0.401066985356628,2.54084476688217,1.92488239915316,2.88732359872974,0.0241485721450069,0.60835393288597,0.585284280936455
"177",0.568326150036127,0.399710443444571,2.54181360080149,1.92561636424355,2.88842454636533,0.0237127008786495,0.609176897767216,0.588628762541806
"178",0.570097535057232,0.398465776425421,2.54277897025322,1.92634770473729,2.88952155710593,0.0232846079421108,0.609995178749177,0.591973244147157
"179",0.57184295178711,0.397244278841316,2.54374089837992,1.9270764381666,2.8906146572499,0.0228609149033031,0.610808821408779,0.595317725752508
"180",0.573595656230239,0.396011519488611,2.54469940806728,1.92780258186915,2.89170387280373,0.0224411025443076,0.611617870672366,0.598662207357859
"181",0.575401787678842,0.394712614381117,2.54565452194851,1.92852615299129,2.89278922948694,0.0220297944648973,0.612422370828187,0.602006688963211
"182",0.577188173646303,0.393428494758025,2.54660626240848,1.92924716849127,2.89387075273691,0.0216241651018795,0.613222365538581,0.605351170568562
"183",0.57889477002172,0.392219763934948,2.5475546515879,1.92996564514235,2.89494846771353,0.0212259414774098,0.614017897851868,0.608695652173913
"184",0.580646571691078,0.390951381351982,2.54849971138733,1.93068159953585,2.89602239930378,0.020837737563949,0.614809010213949,0.612040133779264
"185",0.582330918568107,0.389743219773601,2.54944146347108,1.93139504808415,2.89709257212623,0.0204583331196736,0.615595744479632,0.615384615384615
"186",0.584026461574485,0.388531815310792,2.55037992927112,1.93210600702358,2.89815901053536,0.0200738354881331,0.616378141923688,0.618729096989967
"187",0.585642877302021,0.387389997551585,2.55131512999079,1.93281449241726,2.89922173862589,0.0196999988966914,0.617156243251642,0.622073578595318
"188",0.58723790742579,0.386252647078989,2.55224708660849,1.93352052015795,2.90028078023692,0.0193400609126458,0.617930088610313,0.625418060200669
"189",0.588916403964859,0.38502936832922,2.55317581988129,1.93422410597067,2.90133615895601,0.0189801072273992,0.6186997175981,0.62876254180602
"190",0.590592044046547,0.383805260827755,2.55410135034843,1.93492526541548,2.90238789812321,0.0186239106855571,0.619465169275041,0.632107023411371
"191",0.592238404687281,0.38260523741529,2.55502369833476,1.93562401388997,2.90343602083496,0.0182733573091152,0.620226482172621,0.635451505016722
"192",0.593830590331649,0.381444401200103,2.55594288395412,1.93632036663191,2.90448054994786,0.0179361727340405,0.620983694303371,0.638795986622074
"193",0.595433231230425,0.380274130633025,2.55685892711261,1.93701433872168,2.90552150808251,0.0175987922343997,0.621736843170231,0.642140468227425
"194",0.597008086789971,0.379124176179712,2.55777184751184,1.93770594508472,2.90655891762709,0.0172684410531415,0.622485965775711,0.645484949832776
"195",0.59856477507003,0.377989646237605,2.55868166465203,1.93839520049397,2.90759280074095,0.0169413856212078,0.623231098630834,0.648829431438127
"196",0.600056362972605,0.376921235692646,2.55958839783518,1.93908211957211,2.90862317935816,0.0166161900375095,0.623972277763887,0.652173913043478
"197",0.601496477646882,0.375890639291865,2.56049206616801,1.93976671679395,2.90965007519092,0.0163028764534066,0.62470953872896,0.655518394648829
"198",0.602964981395526,0.374830660500406,2.56139268856496,1.94044900648861,2.91067350973291,0.0159901508027888,0.625442916614313,0.658862876254181
"199",0.604483862737816,0.373707825751077,2.56229028375107,1.94112900284172,2.91169350426258,0.015685696097069,0.626172446050537,0.662207357859532
"200",0.605941751562552,0.372650034121194,2.56318487026484,1.94180671989761,2.91271007984641,0.0153806026075423,0.626898161218549,0.665551839464883
"201",0.607368707849973,0.371621932169546,2.56407646646097,1.94248217156134,2.91372325734201,0.0150778045919391,0.627620095857398,0.668896321070234
"202",0.608789652975557,0.370586592686024,2.56496509051311,1.94315537160084,2.91473305740127,0.0147851959548071,0.628338283271914,0.672240802675585
"203",0.610152707001847,0.369605505391002,2.56585076041652,1.94382633364888,2.91573950047332,0.0144971356266171,0.629052756340172,0.675585284280936
"204",0.61152021405232,0.368618828665836,2.56673349399068,1.94449507120506,2.91674260680759,0.0142102989263058,0.629763547520813,0.678929765886288
"205",0.612831499231976,0.36768821014607,2.56761330888183,1.94516159763775,2.91774239645662,0.0139253800140587,0.630470688860185,0.682274247491639
"206",0.614152486492157,0.366734228095948,2.56849022256551,1.94582592618599,2.91873888927899,0.01365041228888,0.631174211999353,0.68561872909699
"207",0.615468288525025,0.365779743034774,2.569364252349,1.94648806996137,2.91973210494205,0.0133800566092266,0.631874148180937,0.688963210702341
"208",0.616741798756923,0.36486852692925,2.57023541537374,1.9471480419498,2.9207220629247,0.01311036192086,0.632570528255822,0.692307692307692
"209",0.617985454350873,0.363979719476557,2.57110372861767,1.94780585501338,2.92170878252008,0.012846978949863,0.633263382689712,0.695652173913043
"210",0.619216273383565,0.363094114600196,2.57196920889756,1.94846152189209,2.92269228283814,0.0125910598436676,0.633952741569553,0.698996655518395
"211",0.620429545252698,0.362225124854587,2.5728318728713,1.94911505520553,2.9236725828083,0.0123365133553544,0.634638634609817,0.702341137123746
"212",0.621621939545819,0.36137457713183,2.57369173704009,1.94976646745462,2.92464970118192,0.0120844445274685,0.635321091158658,0.705685618729097
"213",0.622830824813435,0.360502971920905,2.57454881775065,1.95041577102322,2.92562365653482,0.0118356201925912,0.636000140203935,0.709030100334448
"214",0.62399315791935,0.359673532539949,2.57540313119733,1.9510629781798,2.9265944672697,0.0115911015460536,0.636675810379114,0.712374581939799
"215",0.62510458875461,0.358894468340648,2.57625469342428,1.951708101079,2.9275621516185,0.0113481813347927,0.637348129969045,0.71571906354515
"216",0.626213725118824,0.358109332520948,2.57710352032743,1.9523511517632,2.9285267276448,0.0111114643338888,0.638017126915621,0.719063545150502
"217",0.627306014858037,0.357341938439122,2.57794962765655,1.95299214216405,2.92948821324608,0.0108746644422303,0.638682828823321,0.722408026755853
"218",0.628432149881751,0.356534871905031,2.57879303101726,1.95363108410399,2.93044662615598,0.0106416430134444,0.639345262964643,0.725752508361204
"219",0.629501148902002,0.355776028471742,2.57963374587294,1.95426798929768,2.93140198394652,0.0104161143990516,0.640004456285421,0.729096989966555
"220",0.630626414408316,0.354956604212504,2.58047178754663,1.95490286935351,2.93235430403026,0.0101929352087176,0.640660435410037,0.732441471571906
"221",0.631701028762487,0.354181997434745,2.58130717122297,1.95553573577498,2.93330360366246,0.00997492380642978,0.641313226646531,0.735785953177257
"222",0.632748863730383,0.353434465998436,2.58213991194997,1.9561665999621,2.93424989994315,0.00975734116665339,0.641962855991605,0.739130434782609
"223",0.633801114148008,0.352681155286151,2.58297002464089,1.95679547321279,2.93519320981919,0.00954085728291021,0.642609349135527,0.74247491638796
"224",0.634800381421996,0.351979573366954,2.58379752407593,1.95742236672419,2.93613355008628,0.00932624427046369,0.64325273146694,0.745819397993311
"225",0.635791513070869,0.351281671617567,2.58462242490405,1.95804729159398,2.93707093739096,0.00911505143812824,0.643893028077574,0.749163879598662
"226",0.636760731381031,0.350600444617916,2.58544474164465,1.95867025882171,2.93800538823256,0.00890801150954801,0.644530263766867,0.752508361204013
"227",0.637703940133486,0.349937325556558,2.58626448868926,1.95929127931005,2.93893691896507,0.0087070251539858,0.645164463046493,0.755852842809364
"228",0.638649495747985,0.349271451478034,2.58708168030318,1.95991036386604,2.93986554579907,0.00850642776566335,0.645795650144802,0.759197324414716
"229",0.63956845889062,0.348628333309101,2.5878963306271,1.96052752320235,2.94079128480353,0.00830900434670995,0.646423849011177,0.762541806020067
"230",0.640490949612706,0.347973194748234,2.58870845367874,1.96114276793844,2.94171415190765,0.00811761208661876,0.647049083320303,0.765886287625418
"231",0.641398628777548,0.347329688929561,2.58951806335433,1.96175610860176,2.94263416290265,0.00792875285904093,0.647671376476352,0.769230769230769
"232",0.642261916614557,0.346725555495597,2.59032517343024,1.96236755562897,2.94355133344346,0.00774405929041816,0.648290751617096,0.77257525083612
"233",0.643151596107412,0.346089583556323,2.59112979756445,1.96297711936701,2.94446567905051,0.00756295816212521,0.648907231617929,0.775919732441472
"234",0.644005841220389,0.345487743016458,2.59193194929801,1.96358481007425,2.94537721511138,0.00738327841503905,0.649520839095826,0.779264214046823
"235",0.644843344392356,0.344897093965356,2.59273164205656,1.96419063792164,2.94628595688246,0.00720775610777069,0.650131596413214,0.782608695652174
"236",0.645653486368167,0.344330602549312,2.59352888915172,1.96479461299373,2.94719191949059,0.00703484898333251,0.650739525681779,0.785953177257525
"237",0.646477110035931,0.343749463386143,2.59432370378252,1.96539674528979,2.94809511793468,0.00686267484427783,0.6513446487662,0.789297658862876
"238",0.647287176728194,0.343176413014472,2.59511609903678,1.96599704472484,2.94899556708725,0.00669453742991666,0.651946987287807,0.792642140468227
"239",0.648102256211053,0.342594246517328,2.59590608789249,1.96659552113068,2.94989328169601,0.00652928335549391,0.652546562628178,0.795986622073579
"240",0.648910819102154,0.342015593923603,2.59669368321913,1.96719218425692,2.95078827638538,0.006366259971893,0.653143395932666,0.79933110367893
"241",0.649710458510627,0.341446753673453,2.597478897779,1.96778704377197,2.95168056565796,0.00620276350559346,0.653737508113859,0.802675585284281
"242",0.650477543543519,0.340904192911437,2.59826174422853,1.96838010926404,2.95257016389605,0.00604401929594811,0.654328919854983,0.806020066889632
"243",0.651242504896805,0.340361936998303,2.59904223511951,1.96897139024205,2.95345708536308,0.00588661091774551,0.654917651613231,0.809364548494983
"244",0.652000258430261,0.339821788775313,2.59982038290041,1.96956089613668,2.95434134420501,0.00573287730862648,0.655503723623044,0.812709030100334
"245",0.652745875365639,0.339290598542438,2.60059619991757,1.97014863630119,2.95522295445179,0.00558151220163677,0.656087155899321,0.816053511705686
"246",0.653497678698884,0.338751697224016,2.60136969841642,1.97073462001244,2.95610193001866,0.00543119923144164,0.656667968240579,0.819397993311037
"247",0.654231949652625,0.338226137334745,2.60214089054269,1.97131885647173,2.9569782847076,0.00528399940253804,0.657246180232054,0.822742474916388
"248",0.654938453840933,0.337723312017357,2.60290978834356,1.97190135480573,2.95785203220859,0.00514056941851082,0.657821811248739,0.826086956521739
"249",0.655646416183929,0.337218177027091,2.60367640376885,1.97248212406731,2.95872318610096,0.00499774644106227,0.658394880458379,0.82943143812709
"250",0.656339500238193,0.33672647160628,2.60444074867212,1.97306117323645,2.95959175985468,0.00485607119288167,0.658965406824404,0.832775919732441
"251",0.657028956492203,0.336235822979599,2.60520283481183,1.97363851122108,2.96045776683162,0.00471623865036169,0.659533409108813,0.836120401337793
"252",0.657723636236045,0.335736160514102,2.6059626738524,1.97421414685788,2.96132122028682,0.00457903807928683,0.66009890587501,0.839464882943144
"253",0.658397047920184,0.335254183583073,2.60672027736534,1.97478808891314,2.96218213336971,0.00444450742214902,0.660661915490577,0.842809364548495
"254",0.659072139741305,0.334767051639085,2.60747565683028,1.97536034608355,2.96304051912532,0.00431240896441654,0.661222456130021,0.846153846153846
"255",0.659736663221712,0.334288924610834,2.60822882363603,1.97593092699699,2.96389639049549,0.00418148706779242,0.661780545777447,0.849498327759197
"256",0.660396703210884,0.333811349209821,2.60897978908164,1.97649984021336,2.96474976032004,0.00405335379619287,0.662336202229203,0.852842809364548
"257",0.661041624998582,0.333347304801599,2.60972856437737,1.97706709422528,2.96560064133792,0.00392643277419313,0.662889443096474,0.8561872909699
"258",0.661680959704687,0.332885007779776,2.61047516064574,1.9776326974589,2.96644904618834,0.00380223508262229,0.663440285807825,0.859531772575251
"259",0.662317471271429,0.332422073478941,2.61121958892251,1.97819665827463,2.96729498741195,0.00368047834504337,0.663988747611707,0.862876254180602
"260",0.662944773334858,0.331967574466018,2.61196186015762,1.97875898496789,2.96813847745184,0.00355932003755338,0.664534845578921,0.866220735785953
"261",0.663570733972114,0.331510277952941,2.61270198521618,1.97931968576983,2.96897952865475,0.00344106575786118,0.665078596605029,0.869565217391304
"262",0.664189191083489,0.331058206139253,2.6134399748794,1.97987876884803,2.96981815327204,0.00332444744972293,0.66562001741274,0.872909698996655
"263",0.664798563148597,0.330613711584431,2.61417583984552,1.98043624230721,2.97065436346082,0.00320893131214545,0.666159124554238,0.876254180602007
"264",0.665405265150434,0.330168333303508,2.61490959073074,1.98099211418995,2.97148817128493,0.0030959129687077,0.666695934413488,0.879598662207358
"265",0.666003019265243,0.329729635292158,2.61564123807009,1.98154639247734,2.97231958871601,0.0029845219427786,0.667230463208486,0.882943143812709
"266",0.666595489333415,0.329293912716073,2.61637079231835,1.98209908508966,2.97314862763449,0.00287476765183892,0.667762726993484,0.88628762541806
"267",0.667185867864954,0.328858564656412,2.61709826385091,1.98265019988705,2.97397529983058,0.00276622214233013,0.668292741661173,0.889632107023411
"268",0.667768873587381,0.32842849184354,2.61782366296463,1.98319974467017,2.97479961700526,0.00265917234625362,0.668820522944828,0.892976588628763
"269",0.668346933714229,0.327999899188784,2.61854699987869,1.98374772718083,2.97562159077124,0.00255456197533332,0.669346086420418,0.896321070234114
"270",0.668923688278812,0.3275699372291,2.61926828473544,1.9842941551026,2.9764412326539,0.00245182425258655,0.669869447508685,0.899665551839465
"271",0.669493982260179,0.327145419732679,2.61998752760119,1.98483903606151,2.97725855409227,0.00234981910012738,0.670390621477182,0.903010033444816
"272",0.670062207795982,0.326721056911509,2.62070473846709,1.98538237762658,2.97807356643988,0.00224915685912042,0.670909623442283,0.906354515050167
"273",0.670623410823679,0.326301464681616,2.62141992724985,1.98592418731049,2.97888628096574,0.00215008972890585,0.671426468371157,0.909698996655518
"274",0.671181718635812,0.325881673384587,2.62213310379258,1.98646447257014,2.9796967088552,0.00205319142679072,0.671941171083708,0.91304347826087
"275",0.67173704858364,0.325462690674761,2.62284427786556,1.98700324080724,2.98050486121086,0.00195781581711102,0.672453746254491,0.916387959866221
"276",0.672290039933696,0.325043488700041,2.62355345916699,1.98754049936893,2.9813107490534,0.00186423230839988,0.672964208414588,0.919732441471572
"277",0.672839532235955,0.324626017697463,2.62426065732378,1.98807625554832,2.98211438332248,0.00177189222751112,0.673472571953458,0.923076923076923
"278",0.673383123621007,0.324212243885954,2.62496588189225,1.98861051658504,2.98291577487756,0.00168110540620003,0.673978851120755,0.926421404682274
"279",0.67392311500833,0.323800077983242,2.62566914235891,1.98914328966584,2.98371493449876,0.00159171710144784,0.674483060028123,0.929765886287625
"280",0.674461902966696,0.32338783382539,2.62637044814116,1.98967458192512,2.98451187288768,0.00150322514676032,0.674985212650949,0.933110367892977
"281",0.674994922303518,0.322978673311523,2.62706980858799,1.99020440044545,2.98530660066817,0.00141661993733161,0.675485322830107,0.936454849498328
"282",0.675524815753548,0.322570884090837,2.62776723298072,1.99073275225812,2.98609912838718,0.00133124492876119,0.675983404273653,0.939799331103679
"283",0.676053063408697,0.322163222761305,2.62846273053368,1.9912596443437,2.98688946651555,0.00124693170052392,0.676479470558512,0.94314381270903
"284",0.676577643686807,0.321757343535583,2.62915631039488,1.99178508363249,2.98767762544873,0.00116394063746905,0.676973535132126,0.946488294314381
"285",0.677098788388915,0.321352660748754,2.62984798164672,1.99230907700509,2.98846361550763,0.00108251811127202,0.677465611314078,0.949832775919732
"286",0.677618024840992,0.320948162531362,2.6305377533066,1.99283163129288,2.98924744693932,0.00100230129349083,0.677955712297698,0.953177257525084
"287",0.678134226005246,0.320544986613189,2.63122563432764,1.99335275327852,2.99002912991778,0.000923284368197552,0.678443851151636,0.956521739130435
"288",0.678647287300879,0.320143383907617,2.63191163359931,1.99387244969644,2.99080867454466,0.000845364929961845,0.678930040821408,0.959866220735786
"289",0.679157744946467,0.319742563598187,2.63259575994802,1.99439072723334,2.99158609085002,0.000768719962873976,0.679414294130932,0.963210702341137
"290",0.679665708652367,0.319342548637312,2.63327802213782,1.99490759252865,2.99236138879298,0.000693256524855412,0.679896623784022,0.966555183946488
"291",0.680171133581053,0.318943423613496,2.633958428871,1.995423052175,2.9931345782625,0.000618946781729024,0.680377042365875,0.969899665551839
"292",0.680673947950412,0.318545140135269,2.63463698878869,1.9959371127187,2.99390566907805,0.00054587466079381,0.68085556234452,0.973244147157191
"293",0.681174256556188,0.31814788212607,2.63531371047145,1.99644978066019,2.99467467099029,0.000473838178138231,0.681332196072263,0.976588628762542
"294",0.681671956813046,0.317751707263336,2.63598860243994,1.9969610624545,2.99544159368175,0.000402868664362399,0.681806955787089,0.979933110367893
"295",0.68216719112091,0.317356343272203,2.63666167315541,1.99747096451168,2.99620644676751,0.000333056675117738,0.682279853614059,0.983277591973244
"296",0.682660253534021,0.316961584744013,2.63733293102038,1.99797949319726,2.99696923979589,0.000264340043434785,0.682750901566681,0.986622073578595
"297",0.683150889339245,0.316567729552847,2.63800238437914,1.99848665483268,2.99772998224903,0.000196688660760003,0.683220111548253,0.989966555183946
"298",0.68363926228209,0.316174616187723,2.63867004151836,1.99899245569573,2.99848868354359,0.00013010083858167,0.683687495353199,0.993311036789298
"299",0.684125368031972,0.315782290516144,2.63933591066762,1.99949690202093,2.99924535303139,6.45474937737145e-05,0.684153064668373,0.996655518394649
"300",0.684609204187586,0.315390795812414,2.64,2,3,0,0.684616831074349,1
